{
  "employee": [
    {
      "Dedalus ID": "WRK-012533",
      "Employee ID": "19000001",
      "Employee Name": "Karthik",
      "Mail Id": "karthik.r@dedalus.com",
      "Gender": "Male",
      "Location": "Chennai",
      "Product Group": "Aide Apps",
      "Product": "Common Services",
      "Unified Roles": "Engineering",
      "Product Work Area": "DevOPS",
      "Work Group": "DevOPS",
      "HL Role": "DevOPS",
      "HL Designation": "Professional 1 Service Delivery Coordinator",
      "HL Title": "Prof 1",
      "Reporting Manager": "Selvakumar Rajaguru",
      "Manager Email": "srajaguru3@dedalus.com",
      "GET": "",
      "CSC_DoJ": "31-Jan-22",
      "Date of Leaving": "",
      "Unit": "PBU",
      "Owning": "HCIS"
    },

    {
      "Dedalus ID": "WRK-012533",
      "Employee ID": "19000002",
      "Employee Name": "Selva",
      "Mail Id": "selva.r@dedalus.com",
      "Gender": "Male",
      "Location": "Chennai",
      "Product Group": "Aide Apps",
      "Product": "Common Services",
      "Unified Roles": "Engineering",
      "Product Work Area": "DevOPS",
      "Work Group": "DevOPS",
      "HL Role": "DevOPS",
      "HL Designation": "Professional 1 Service Delivery Coordinator",
      "HL Title": "Prof 1",
      "Reporting Manager": "Karthik",
      "Manager Email": "karthik.r@dedalus.com",
      "GET": "",
      "CSC_DoJ": "31-Jan-22",
      "Date of Leaving": "",
      "Unit": "PBU",
      "Owning": "HCIS"
    },

    {
      "Dedalus ID": "WRK-012533",
      "Employee ID": "19000003",
      "Employee Name": "Lakshmi",
      "Mail Id": "lakshmi.r@dedalus.com",
      "Gender": "Male",
      "Location": "Chennai",
      "Product Group": "Aide Apps",
      "Product": "Common Services",
      "Unified Roles": "Engineering",
      "Product Work Area": "DevOPS",
      "Work Group": "DevOPS",
      "HL Role": "DevOPS",
      "HL Designation": "Professional 1 Service Delivery Coordinator",
      "HL Title": "Prof 1",
      "Reporting Manager": "Selva",
      "Manager Email": "selva.r@dedalus.com",
      "GET": "",
      "CSC_DoJ": "31-Jan-22",
      "Date of Leaving": "",
      "Unit": "PBU",
      "Owning": "HCIS"
    },
    {
      "Dedalus ID": "WRK-012533",
      "Employee ID": "19000004",
      "Employee Name": "Sarvanan",
      "Mail Id": "sarvanan.r@dedalus.com",
      "Gender": "Male",
      "Location": "Chennai",
      "Product Group": "Aide Apps",
      "Product": "Common Services",
      "Unified Roles": "Engineering",
      "Product Work Area": "DevOPS",
      "Work Group": "DevOPS",
      "HL Role": "DevOPS",
      "HL Designation": "Professional 1 Service Delivery Coordinator",
      "HL Title": "Prof 1",
      "Reporting Manager": "Selva",
      "Manager Email": "selva.r@dedalus.com",
      "GET": "",
      "CSC_DoJ": "31-Jan-22",
      "Date of Leaving": "",
      "Unit": "PBU",
      "Owning": "HCIS"
    },
    {
      "Dedalus ID": "WRK-012533",
      "Employee ID": "19000005",
      "Employee Name": "Charumathi Devi",
      "Mail Id": "charumathi.r@dedalus.com",
      "Gender": "Female",
      "Location": "Chennai",
      "Product Group": "Aide Apps",
      "Product": "Common Services",
      "Unified Roles": "Engineering",
      "Product Work Area": "DevOPS",
      "Work Group": "DevOPS",
      "HL Role": "DevOPS",
      "HL Designation": "Professional 1 Service Delivery Coordinator",
      "HL Title": "Prof 1",
      "Reporting Manager": "Sarvanan",
      "Manager Email": "sarvanan.r@dedalus.com",
      "GET": "",
      "CSC_DoJ": "31-Jan-22",
      "Date of Leaving": "",
      "Unit": "PBU",
      "Owning": "HCIS"
    },
    {
      "Dedalus ID": "WRK-012533",
      "Employee ID": "19000006",
      "Employee Name": "Bhargav",
      "Mail Id": "bhargav.r@dedalus.com",
      "Gender": "Male",
      "Location": "Chennai",
      "Product Group": "Aide Apps",
      "Product": "Common Services",
      "Unified Roles": "Engineering",
      "Product Work Area": "DevOPS",
      "Work Group": "DevOPS",
      "HL Role": "DevOPS",
      "HL Designation": "Professional 1 Service Delivery Coordinator",
      "HL Title": "Prof 1",
      "Reporting Manager": "Sarvanan",
      "Manager Email": "sarvanan.r@dedalus.com",
      "GET": "",
      "CSC_DoJ": "31-Jan-22",
      "Date of Leaving": "",
      "Unit": "PBU",
      "Owning": "HCIS"
    },
    {
      "Dedalus ID": "WRK-012533",
      "Employee ID": "19000007",
      "Employee Name": "Murari Hemanth",
      "Mail Id": "murari.r@dedalus.com",
      "Gender": "Male",
      "Location": "Chennai",
      "Product Group": "Aide Apps",
      "Product": "Common Services",
      "Unified Roles": "Engineering",
      "Product Work Area": "DevOPS",
      "Work Group": "DevOPS",
      "HL Role": "DevOPS",
      "HL Designation": "Professional 1 Service Delivery Coordinator",
      "HL Title": "Prof 1",
      "Reporting Manager": "Sarvanan",
      "Manager Email": "sarvanan.r@dedalus.com",
      "GET": "",
      "CSC_DoJ": "31-Jan-22",
      "Date of Leaving": "",
      "Unit": "PBU",
      "Owning": "HCIS"
    }
  ]
}
